-44.681316,105.064980,-1.724331,0.052073,-0.142555,0.869315,0.470380
-60.785824,-80.132721,-1.637357,0.013474,-0.055715,0.899304,0.433551
-264.893768,-61.764370,-1.875649,-0.007240,-0.074916,0.669190,0.739270
213.232742,138.017624,-2.114526,-0.005987,-0.160916,0.583139,0.796253
291.285919,-101.841118,-1.550240,-0.001710,0.002692,-0.999801,0.019665
-19.389870,197.028488,-1.790779,-0.071935,-0.052299,-0.145787,0.985310
-5.688531,2.692396,-2.091417,0.008594,-0.140733,0.675799,0.723475
2.146644,99.757462,-2.187377,-0.166395,0.010251,-0.804435,0.570168
-335.423737,136.656769,-2.078847,-0.145035,0.061755,-0.948540,0.274634
264.172272,10.366134,-1.462981,-0.105243,0.025172,-0.869985,0.481057
58.144306,-186.196671,-1.542973,0.097365,-0.135892,0.952040,0.256269
-483.933746,179.975052,-1.857857,-0.119973,-0.097828,-0.191056,0.969296
-297.913971,-239.516876,-1.612528,-0.004358,-0.003644,0.271924,0.962302
-44.887810,-168.439545,-1.515656,-0.001677,-0.002324,0.504049,0.863670
-124.179359,303.160095,-2.063657,0.057551,-0.161149,0.837465,0.519010
-240.239014,-253.804291,-2.097715,-0.151417,-0.069451,-0.441267,0.881778
299.145721,244.566010,-1.499902,-0.010542,0.003581,-0.669182,0.743015
14.402014,-120.617683,-1.876491,-0.089162,0.056669,-0.974260,0.199139
70.027771,-120.008347,-1.746798,0.006319,-0.088128,0.729239,0.678530
-220.964874,137.632462,-2.003194,-0.146417,0.024030,-0.853347,0.499784
-1.380096,-135.966568,-1.925051,0.037880,-0.115509,0.855745,0.502915
63.479515,128.404068,-1.707463,0.027362,-0.045336,0.976235,0.210145
121.670074,214.428146,-2.003032,-0.122474,-0.112534,-0.160867,0.972861
148.942703,-192.306503,-1.445065,-0.013412,0.009960,-0.973269,0.229060
158.732193,167.157501,-1.483651,-0.055165,-0.153632,0.383719,0.908908
-290.270813,-11.164064,-1.525017,-0.040444,-0.131364,0.428150,0.893194
245.656631,37.379128,-1.602759,-0.125854,0.017262,-0.814276,0.566407
-286.365570,-253.723312,-1.484734,-0.005887,-0.027061,0.579475,0.814519
-213.631149,216.906891,-1.663424,-0.023669,-0.150772,0.513190,0.844597
159.511627,222.259384,-1.682805,0.081662,-0.122823,0.949315,0.277572
-2.723161,-70.205437,-1.656698,0.038033,-0.115975,0.856929,0.500775
-62.652718,-5.309058,-1.741386,-0.146868,-0.057023,-0.485761,0.859776
-33.730190,-193.339798,-1.740447,0.091048,-0.102813,0.980874,0.137938
-244.205933,71.423660,-1.678643,-0.030172,-0.034463,0.104889,0.993429
289.411285,93.073463,-1.772977,-0.088259,0.039413,-0.941567,0.322657
225.845520,159.458923,-2.037820,-0.094379,-0.119801,0.022230,0.988052
270.238647,32.579746,-1.959295,-0.061563,-0.141688,0.309761,0.938181
-232.730896,-19.668692,-1.880098,-0.149920,0.074764,-0.955996,0.240845
-1.476629,-147.761230,-1.908306,-0.119261,-0.103313,-0.147190,0.976442
-150.608200,207.920151,-1.488674,-0.008981,-0.003254,-0.354916,0.934849
-98.130486,-228.352570,-1.880985,-0.060454,-0.081206,0.107713,0.989014
-148.846039,-168.261429,-2.112064,-0.138257,0.075539,-0.970497,0.182524
182.905579,195.886993,-2.035031,0.007110,-0.162344,0.654020,0.738818
244.804199,-48.020935,-2.136844,-0.156571,-0.043468,-0.572877,0.803373
157.595993,-249.016907,-1.973510,0.076451,-0.101624,0.970365,0.205474
68.537025,-199.000519,-1.765970,-0.132057,-0.066442,-0.384893,0.911045
68.566093,-199.044373,-2.186874,-0.115217,-0.087253,-0.188778,0.971326
35.326374,-147.637680,-2.040095,-0.075293,-0.140774,0.213656,0.963776
-227.497879,-229.759552,-1.966676,0.090531,-0.128786,0.956044,0.247382
46.436069,-46.836800,-2.018843,0.097449,-0.110744,0.978511,0.144069
-136.160995,-136.651337,-1.738874,-0.029755,-0.048984,0.254282,0.965430
-227.292023,238.764053,-1.660690,-0.049336,-0.038792,-0.108368,0.992128
137.288925,18.129772,-1.934648,-0.054659,-0.142403,0.315218,0.936681
264.493713,214.256653,-2.034471,-0.152264,0.037513,-0.891115,0.425819
-106.601746,64.302849,-2.136556,-0.002393,-0.163283,0.608170,0.776829
53.862904,-225.421875,-1.697493,-0.058793,-0.034738,-0.246309,0.966783
34.564533,82.400322,-2.107053,0.044618,-0.140551,0.833510,0.532462
-59.763142,15.656222,-2.059031,-0.141094,-0.042871,-0.542872,0.826767
123.567917,142.783524,-2.127092,-0.139275,0.081579,-0.970463,0.179302
212.188049,-82.489731,-1.889255,-0.068912,0.056946,-0.992760,0.080228
-197.502396,-40.362377,-1.962200,-0.012927,-0.130967,0.581897,0.802543
-4.287387,-201.891403,-1.929116,0.056316,-0.102469,0.937361,0.328151
209.244904,11.715798,-1.968918,-0.092123,-0.127813,0.061296,0.985606
-251.833633,8.577238,-2.138337,-0.045576,-0.161060,0.384810,0.907691
169.518097,175.343155,-1.685709,-0.024967,0.011455,-0.912321,0.408552
-95.568291,122.943535,-1.983491,-0.112731,0.087003,-0.988891,0.042618
-264.960815,-209.558548,-1.892767,-0.079963,-0.062128,-0.161633,0.981642
162.913483,-27.415396,-2.015766,-0.124308,-0.104635,-0.187327,0.968766
-35.847538,92.289482,-1.679337,-0.060704,-0.151186,0.307267,0.937574
-109.739861,120.648170,-2.071311,0.072011,-0.136320,0.917694,0.366154
230.079834,13.890832,-1.642041,0.012175,-0.015060,0.998335,0.054337
-233.045639,-271.847687,-2.130683,0.077663,-0.137143,0.922242,0.353029
-265.890533,-158.376648,-2.012628,-0.146574,0.080858,-0.970826,0.171680
-6.185840,1.259112,-1.857225,0.000192,-0.111770,0.668333,0.735417
-186.109329,128.598114,-2.044325,-0.152052,0.012091,-0.809101,0.567529
35.365757,-191.755722,-1.890033,-0.047422,-0.118002,0.326529,0.936593
-254.548691,-26.892475,-2.041517,0.061207,-0.150528,0.864042,0.476474
-208.799683,254.545990,-2.043194,-0.147287,0.039590,-0.899479,0.409484
-54.665394,60.366043,-2.055931,0.083629,-0.108923,0.968688,0.206849
252.304199,91.593910,-2.105074,0.022447,-0.165845,0.714010,0.679840
195.947495,120.406273,-1.864397,-0.110016,0.019762,-0.843553,0.525285
242.861740,106.079849,-2.031948,-0.124898,-0.103925,-0.192980,0.967656
97.099380,216.563080,-2.041614,-0.064231,-0.143834,0.258345,0.953123
-136.183411,67.518509,-1.942066,-0.027540,-0.129347,0.476417,0.869217
-132.996719,95.587097,-1.610962,-0.024133,-0.013071,-0.220459,0.975010
6.640254,-37.467129,-1.990303,0.050215,-0.149305,0.835788,0.525970
-89.129608,114.046082,-2.043922,-0.148109,0.066806,-0.954515,0.250003
-38.749023,-131.594391,-1.925455,-0.055955,-0.102688,0.226138,0.967050
-37.054295,158.791428,-1.736168,-0.041634,-0.000192,-0.671576,0.739765
-77.726753,211.167023,-2.019053,-0.123932,0.070120,-0.972896,0.182202
95.812172,-132.870804,-2.150496,-0.143327,-0.052123,-0.501679,0.851504
198.737946,137.948532,-2.106789,0.104555,-0.103985,0.985244,0.086890
93.512733,177.383499,-2.084274,-0.145927,-0.044325,-0.546828,0.823238
-77.741783,-135.158386,-1.937933,-0.004265,-0.127093,0.626268,0.769167
-31.218649,131.814987,-2.151104,0.105888,-0.109759,0.981914,0.112187
-72.029991,-120.943192,-1.938356,-0.118288,0.079272,-0.983871,0.108264
271.496704,70.556099,-2.058205,-0.166756,-0.014126,-0.714776,0.679034
-169.845932,176.997650,-1.689667,-0.051906,-0.000186,-0.684478,0.727183
-256.344482,233.016129,-2.109231,-0.009396,-0.157243,0.577771,0.800854
272.688538,260.381256,-1.713541,-0.027573,0.016287,-0.951353,0.306434
8.795355,140.964523,-2.061662,-0.016460,-0.156661,0.541161,0.826034
-199.243927,-143.869049,-2.107399,-0.153716,-0.052639,-0.524944,0.835485
-274.921356,-97.760063,-2.004781,0.021593,-0.156036,0.723478,0.672135
216.228760,101.135582,-1.995544,-0.033625,-0.143576,0.443214,0.884204
25.254726,-239.715820,-2.207876,-0.137352,0.095612,-0.983675,0.066152
173.142593,-217.822617,-2.206346,-0.157568,0.039643,-0.895475,0.414398
81.093460,220.425598,-2.122933,0.092799,-0.127286,0.955289,0.250218
-35.296562,-134.260117,-2.018678,-0.114135,0.076357,-0.983881,0.114545
-148.209183,284.402191,-2.145661,-0.115389,-0.107233,-0.135216,0.978214
104.762070,271.274475,-2.039061,-0.131381,-0.037393,-0.548035,0.825226
12.465716,219.467224,-2.019040,-0.052368,-0.144107,0.328809,0.931867
-4.583753,-118.275154,-2.153745,-0.145978,0.058847,-0.942881,0.293602
-26.710539,-65.414749,-2.103118,-0.119164,-0.068282,-0.335030,0.932144
206.803665,10.426165,-2.122646,-0.155527,-0.025002,-0.656147,0.738009
150.193909,-37.981819,-1.468213,-0.118638,0.029771,-0.865558,0.485642
150.196381,-37.982975,-1.443219,-0.015535,0.014904,-0.999510,0.022742
-10.889802,-47.469402,-1.809937,-0.048890,-0.160308,0.390899,0.905047
168.999603,294.402954,-1.737346,-0.128219,-0.032345,-0.561419,0.816898
-213.080795,72.252342,-1.981394,-0.160644,-0.047179,-0.559917,0.811456
-162.413712,-210.339035,-1.576895,-0.001618,-0.051955,0.702379,0.709902
101.874237,288.542938,-1.700583,-0.071258,0.015984,-0.842948,0.533016
32.985085,-129.816910,-1.752493,0.029524,-0.113981,0.824877,0.552915
-50.933601,140.975525,-1.684103,0.014282,-0.141484,0.726633,0.672148
-178.936050,288.264496,-1.614023,-0.024019,-0.007776,-0.426748,0.904018
-263.162384,-211.080658,-1.938127,-0.121306,-0.083416,-0.254799,0.955722
-183.409637,-8.302556,-1.912935,-0.123274,0.089995,-0.986084,0.065894
29.005627,151.746719,-2.037807,0.016420,-0.166613,0.692880,0.701347
166.183075,72.688286,-1.897786,-0.147397,-0.004898,-0.736331,0.660353
-222.703766,239.153549,-2.085755,0.092965,-0.120926,0.963684,0.219199
-18.063568,38.772106,-1.950552,-0.000270,-0.122078,0.655298,0.745440
184.245621,152.325928,-1.548601,-0.014580,0.011491,-0.981189,0.192154
254.901337,-148.492767,-1.971131,-0.027942,-0.149938,0.478834,0.864555
32.858135,-206.808655,-2.107842,0.096966,-0.124152,0.963118,0.218148
105.605476,-235.833801,-1.613000,0.010269,-0.040357,0.880292,0.472601
-161.370560,180.852020,-2.075377,-0.130353,0.022304,-0.849275,0.511119
78.776161,-104.064537,-1.986253,-0.016154,-0.105319,0.552018,0.826996
-42.787647,50.724998,-2.040807,0.010787,-0.162121,0.669954,0.724404
-289.190796,-192.382385,-1.861338,-0.092208,-0.071928,-0.177490,0.977150
-276.454742,228.753525,-2.166328,-0.140231,0.082065,-0.975568,0.147877
-177.869522,-177.973358,-2.078133,-0.120421,-0.093585,-0.216213,0.964361
179.468002,-110.989349,-2.180898,0.104017,-0.131102,0.961083,0.219798
-37.738739,117.929840,-1.982695,-0.121831,0.091742,-0.987339,0.043623
216.125504,99.761421,-1.654940,0.039370,-0.041579,0.998319,0.008943
261.999756,-232.278137,-2.151258,-0.137806,0.076309,-0.971746,0.175773
-21.104259,200.667999,-1.865210,-0.086258,0.041891,-0.950583,0.295290
210.997162,-51.515873,-2.163995,-0.020741,-0.166064,0.516159,0.839984
-124.580948,-245.756729,-2.110332,-0.163798,-0.034313,-0.626833,0.760969
-206.788681,-42.176743,-1.935098,-0.111148,-0.054611,-0.374634,0.918865
-175.021408,143.078156,-1.706616,-0.050199,-0.010857,-0.531493,0.845504
-187.258255,179.512299,-2.034380,0.105720,-0.108105,0.983223,0.102025
-255.464111,-149.198883,-2.049436,0.035985,-0.164296,0.765262,0.621358
99.832993,133.821060,-2.017691,-0.142035,0.078614,-0.971688,0.171663
-179.426712,-131.676529,-2.060067,-0.123330,-0.105809,-0.178513,0.970426
265.785278,-58.377426,-1.574009,0.016324,-0.027546,0.981391,0.189330
69.117706,173.484329,-2.081747,-0.106280,-0.129274,-0.012657,0.985816
128.385269,54.142292,-2.160271,0.057512,-0.141250,0.869888,0.469079
92.276169,49.748501,-2.085423,-0.152506,-0.001146,-0.757741,0.634483
-206.514999,146.397369,-2.002245,0.049905,-0.149409,0.834694,0.527705
-104.417702,-266.404663,-2.081315,-0.121347,-0.092381,-0.225814,0.962158
182.406631,-254.789764,-2.032014,0.073664,-0.103656,0.964375,0.231970
100.449745,-256.711792,-2.023420,-0.037626,-0.116125,0.395070,0.910505
263.856964,-105.599121,-1.982546,-0.152432,0.004864,-0.782153,0.604133
-88.336838,-8.243077,-2.154961,0.094028,-0.132507,0.949969,0.266758
51.557446,-127.699333,-2.069578,-0.160916,-0.045970,-0.570653,0.803957
111.520691,238.843750,-1.973791,-0.101824,-0.113539,-0.040975,0.987452
-164.586273,112.639740,-2.076449,0.033991,-0.158883,0.767151,0.620549
-17.268517,220.446182,-1.942508,-0.103381,0.042496,-0.935301,0.335735
-171.130936,-27.295902,-2.085978,-0.060908,-0.134294,0.262775,0.953522
229.003494,173.022629,-2.034596,0.095002,-0.112780,0.973780,0.173229
-277.718384,252.715576,-2.029320,-0.146401,0.070469,-0.960439,0.226182
-39.824711,13.602107,-1.879903,-0.068957,-0.058542,-0.106495,0.990190
-81.994888,-215.091827,-1.601212,-0.012455,-0.024457,0.371726,0.927937
124.616226,-118.123589,-1.621211,0.005361,-0.031572,0.848167,0.528760
-9.150228,-80.666519,-2.036710,-0.141892,0.011945,-0.807860,0.571914
-119.898483,148.050308,-2.069077,0.027898,-0.160066,0.742890,0.649395
153.593506,249.129227,-1.970743,-0.116676,-0.035884,-0.518526,0.846304
-288.519409,195.400406,-2.032727,-0.045914,-0.150683,0.374427,0.913778
-118.869209,23.452257,-1.938136,-0.068975,-0.094436,0.096982,0.988392
-163.861328,33.802063,-2.179039,0.031995,-0.154240,0.766870,0.622171
-53.006279,127.768143,-2.020724,-0.096824,-0.117832,0.001725,0.988300
-267.679565,114.119186,-2.063580,-0.152039,-0.011983,-0.710726,0.686739
-91.426544,-127.830132,-1.920471,0.003660,-0.116886,0.684154,0.719901
-297.388794,243.322159,-2.096824,-0.018316,-0.161443,0.529908,0.832345
-166.603119,190.886307,-1.799870,-0.089712,0.011578,-0.803884,0.587868
-169.431778,205.396652,-2.045116,-0.021728,-0.161019,0.512174,0.843373
-61.204334,-119.982422,-2.100436,-0.176421,-0.011315,-0.733303,0.656517
-133.553787,-78.114822,-2.053016,-0.095044,-0.090926,-0.093562,0.986887
55.877380,227.026245,-2.089493,-0.014786,-0.152612,0.550755,0.820463
-42.801117,-125.120483,-2.078163,-0.133160,0.074075,-0.971938,0.179216
113.555038,119.837578,-2.023026,-0.006303,-0.157416,0.593331,0.789391
69.359955,-273.066742,-1.997140,0.082833,-0.096483,0.981551,0.142784
24.595121,93.500038,-1.866799,-0.099816,0.070268,-0.986596,0.108296
145.838333,92.896217,-1.715245,-0.033178,0.015796,-0.923129,0.382731
276.482880,91.509415,-1.993143,-0.135201,-0.070570,-0.384997,0.910230
-170.743805,110.577484,-2.041765,0.006112,-0.152388,0.658828,0.736672
205.762161,-62.576477,-2.071381,-0.032379,-0.154159,0.453938,0.876999
40.395252,178.858810,-1.999884,-0.101414,-0.058231,-0.313286,0.942431
187.168808,250.880814,-1.990177,-0.133551,-0.062521,-0.419721,0.895595
-130.824432,30.015697,-2.008672,-0.010304,-0.131843,0.586499,0.799081
69.416908,-219.651398,-2.169979,-0.079366,-0.147337,0.177620,0.969765
17.592817,-214.183044,-1.693092,-0.003679,-0.022677,0.641588,0.766705
39.342400,12.569759,-2.023008,-0.111363,-0.080346,-0.235719,0.962070
180.201202,237.342316,-2.041642,-0.007367,-0.151381,0.597151,0.787680
-164.149780,283.282074,-2.139830,0.074984,-0.138668,0.914640,0.372266
-179.743851,-80.122955,-1.629971,-0.017646,-0.054505,0.470217,0.880689
215.102539,-26.356884,-1.699883,0.023498,-0.052239,0.939696,0.337181
258.861725,101.129997,-2.093762,-0.140210,-0.071817,-0.395758,0.904742
146.061783,155.137711,-2.020560,-0.092189,-0.139682,0.090783,0.981707
-3.123357,-184.617645,-1.980747,-0.130784,-0.054452,-0.452181,0.880604
-39.407246,-193.507034,-2.124405,-0.154421,0.050894,-0.922979,0.348817
-52.729843,220.934677,-2.139939,-0.034477,-0.159457,0.443011,0.881548
249.646759,178.179489,-2.210234,-0.138335,-0.094214,-0.289151,0.942538
188.604355,14.893316,-1.973469,0.030515,-0.128675,0.802821,0.581369
-188.994904,237.527435,-2.028746,-0.092371,-0.108369,-0.005774,0.989793
202.599213,251.744034,-1.967881,0.096575,-0.110472,0.977154,0.153752
-119.169456,-38.679001,-2.037797,-0.138408,-0.033945,-0.583640,0.799410
-155.750214,-138.466141,-2.058386,-0.094134,-0.126323,0.043609,0.986549
142.947739,-38.453716,-2.068531,-0.116427,0.090492,-0.988496,0.033627
81.624657,-69.821877,-1.839774,-0.012695,-0.111052,0.578054,0.808307
-239.437393,-131.767197,-2.144248,-0.151191,-0.013448,-0.702756,0.695050
260.759552,-49.653023,-2.020921,-0.108976,0.076322,-0.986347,0.097046
45.160961,49.989456,-2.052770,-0.038605,-0.147405,0.415465,0.896755
-34.785713,-11.064116,-2.030922,0.072503,-0.104495,0.961673,0.242920
-112.403374,-209.860580,-2.021487,0.091600,-0.128152,0.952898,0.259176
-209.452591,-109.753746,-1.997867,-0.123357,0.090053,-0.985328,0.076180
21.270084,184.449936,-1.984418,-0.098156,-0.110154,-0.020793,0.988837
-110.901230,-152.777069,-2.092134,-0.162013,-0.042393,-0.581144,0.796383
-104.225357,-203.718353,-1.952763,-0.124603,0.088017,-0.985142,0.078877
-229.954819,120.576920,-2.137916,0.053692,-0.158559,0.832622,0.527936
-294.672180,-232.299057,-1.998672,-0.010151,-0.147125,0.581022,0.800415
-184.931442,-81.657722,-1.552192,-0.016203,-0.022205,0.218321,0.975490
171.872223,-236.390228,-1.963096,0.092516,-0.087259,0.991143,0.038246
-257.018768,-32.335941,-2.157440,-0.163998,-0.033442,-0.630274,0.758117
201.978470,67.464005,-2.147218,-0.041400,-0.151997,0.401977,0.901996
-177.219482,-65.817314,-2.050444,-0.154643,0.063999,-0.946611,0.275532
40.052231,-34.484734,-2.125413,-0.133061,0.093254,-0.984373,0.067888
169.215134,113.108627,-1.667549,-0.031347,0.017470,-0.944329,0.327041
-163.158478,24.364546,-2.092825,0.109118,-0.107725,0.984075,0.089919
37.868904,-203.604660,-1.864055,0.046199,-0.107295,0.900662,0.418523
160.255188,-235.344528,-1.988610,-0.143226,0.063892,-0.952744,0.260159
20.546328,90.561134,-2.137273,-0.004912,-0.168041,0.592149,0.788098
-146.494232,100.977936,-1.990762,-0.148208,-0.053425,-0.507915,0.846878
165.039307,253.277878,-2.113501,0.076321,-0.148935,0.899423,0.403773
62.088554,237.627792,-2.116818,-0.127175,0.064053,-0.962960,0.228979
-89.083473,245.344025,-1.864403,-0.086517,-0.052609,-0.272550,0.956799
-111.847496,-234.459579,-2.187419,-0.162226,-0.009052,-0.731548,0.662147
-195.373550,-239.740189,-2.017598,-0.156781,-0.015276,-0.700795,0.695753
-153.528381,66.126190,-1.957929,-0.047048,-0.139754,0.357636,0.922145
8.894445,-52.973900,-2.239622,0.115174,-0.134117,0.965580,0.190794
194.985992,-57.711887,-1.547849,0.010340,-0.018366,0.982916,0.182842
69.208702,256.134766,-2.140998,0.055108,-0.160305,0.830121,0.531192
54.471436,299.423248,-1.539512,-0.013525,0.003020,-0.797265,0.603471
-213.172241,-96.320992,-2.164720,-0.140919,-0.070523,-0.404822,0.900715
145.743637,-185.113602,-2.069953,-0.156337,-0.005734,-0.714663,0.681750
-51.750557,183.926575,-1.790253,-0.104925,-0.051250,-0.366677,0.922991
-231.208099,122.863922,-1.971427,-0.037089,-0.163276,0.436280,0.884096
-213.143799,-4.107165,-1.866288,-0.105406,-0.037161,-0.472717,0.874098
130.626831,-37.501125,-2.141298,-0.147098,-0.056417,-0.489608,0.857592
170.861847,56.140606,-1.951755,-0.132152,0.005221,-0.775572,0.617250
105.253754,-216.435928,-2.069788,-0.064634,-0.143665,0.256189,0.953703
152.082062,-146.338654,-2.055455,-0.039920,-0.136690,0.400145,0.905321
142.714890,168.942902,-2.075727,0.058703,-0.140766,0.873920,0.461522
147.821152,227.190674,-2.050267,-0.123943,-0.088873,-0.253143,0.955332
-119.306473,91.874718,-2.202999,0.056798,-0.157423,0.840918,0.514634
-285.925842,-154.784363,-2.124758,0.030054,-0.159677,0.751619,0.639272
87.445595,116.573120,-2.132935,-0.043954,-0.156421,0.389678,0.906505
50.466942,-223.516815,-1.739568,-0.152648,0.015327,-0.805067,0.573002
57.347988,-196.021805,-1.883733,-0.151270,0.044404,-0.900848,0.404498
32.170208,-225.197296,-1.481782,0.001605,-0.014100,0.817742,0.575410
174.916351,-173.909912,-1.820278,-0.094635,0.076979,-0.991411,0.047145
-283.594940,26.261370,-2.013999,0.048110,-0.155277,0.823552,0.543449
-139.532516,106.378357,-1.691796,-0.043538,-0.017089,-0.368123,0.928600
100.597519,134.208389,-1.977232,-0.040195,-0.162494,0.415349,0.894128
203.259918,-80.263893,-2.029918,0.005776,-0.157422,0.652282,0.741426
-262.494843,-269.499969,-2.027538,-0.127047,0.083059,-0.982189,0.110745
-285.787994,154.432831,-2.135767,0.112839,-0.111071,0.982977,0.093205
119.365738,-41.622112,-1.978664,0.055616,-0.119836,0.903213,0.408352
-152.239471,270.168304,-2.149648,0.047871,-0.160381,0.810610,0.561158
-257.400757,-30.416731,-1.993642,-0.084531,-0.126938,0.100770,0.983151
257.306458,24.256411,-1.643187,-0.039562,0.033605,-0.992847,0.107520
46.303780,-117.470284,-2.052389,-0.062709,-0.116433,0.213537,0.967943
255.658859,110.525040,-1.969013,-0.134996,0.045302,-0.920571,0.363692
-91.089355,-95.961334,-2.072265,0.107188,-0.101270,0.987148,0.061589
-126.251183,157.897430,-2.144530,-0.084785,-0.138603,0.128806,0.978269
-267.782654,-168.080505,-2.022990,-0.126242,0.085571,-0.983949,0.092660
197.432632,-142.838913,-2.215261,-0.110344,-0.125823,-0.044049,0.984912
-260.116333,171.807098,-1.855375,-0.069332,-0.073797,-0.007230,0.994834
-143.655167,-203.052277,-2.052673,-0.155355,0.026048,-0.857701,0.489423
292.218933,189.618271,-1.563321,0.071076,-0.092866,0.975472,0.186490
292.155334,189.674835,-2.118447,-0.143832,0.026240,-0.856169,0.495579
54.640808,-223.548904,-2.035817,-0.090869,-0.135866,0.093132,0.982146
223.740891,-29.684137,-1.980488,-0.135054,0.024013,-0.852965,0.503621
-184.847748,27.079498,-2.087109,0.074752,-0.138712,0.913574,0.374905
-11.918375,-130.052841,-1.997726,-0.112897,-0.109880,-0.111844,0.981158
14.569607,-140.868698,-1.982337,0.045000,-0.096585,0.918149,0.381640
71.900444,293.646332,-2.039103,-0.062269,-0.144698,0.271433,0.949478
-183.979446,-223.936829,-2.176942,-0.153986,-0.033212,-0.616008,0.771829
104.130974,92.260902,-2.010255,0.095163,-0.091832,0.989641,0.055863
-239.797653,-53.059334,-1.555480,-0.025674,-0.017763,-0.082559,0.996097
244.250381,88.943726,-2.148286,0.017761,-0.160775,0.702624,0.692932
221.706406,-14.368946,-2.098512,-0.147211,-0.010398,-0.713697,0.684732
-124.033630,272.138123,-1.890038,-0.079219,0.002932,-0.738009,0.670119
133.803482,136.162506,-1.907457,-0.127988,-0.020521,-0.623066,0.771354
-95.389618,-70.367302,-2.022532,-0.166838,0.010089,-0.801799,0.573744
36.570171,117.611794,-2.012065,0.035041,-0.153598,0.780274,0.605271
181.489227,259.960907,-2.125340,-0.112622,-0.117154,-0.083119,0.983200
288.527771,249.795792,-1.804321,-0.055742,0.048434,-0.995153,0.064941
226.592316,-72.925392,-1.903425,-0.109304,0.054358,-0.958782,0.256583
14.088651,-275.878693,-1.960567,0.072121,-0.151025,0.887881,0.428552
-50.928719,-175.931976,-2.087052,0.105481,-0.116999,0.976090,0.149778
-77.675026,55.004852,-2.145583,-0.144523,0.074254,-0.965964,0.201276
-238.404388,-299.879578,-1.914673,0.071500,-0.144392,0.897934,0.409578
-33.087009,282.331207,-1.849010,-0.129523,0.081038,-0.976099,0.154556
-236.003845,-64.113197,-1.777440,-0.149628,0.030334,-0.863259,0.481120
181.150177,-240.918976,-1.607754,0.001355,-0.009470,0.836667,0.547629
66.246193,205.918961,-1.921805,-0.034143,-0.163952,0.454773,0.874720
147.244476,-47.122124,-2.020065,-0.157950,-0.038270,-0.596585,0.785922
-299.868286,-153.147156,-1.990000,-0.131611,0.086603,-0.982064,0.103578
-58.519814,-202.193909,-1.970256,-0.113512,-0.109250,-0.117018,0.980554
-128.743988,-245.031845,-2.081406,-0.161710,-0.015979,-0.702039,0.693351
31.786583,94.980515,-1.878037,-0.113227,-0.086356,-0.214969,0.966184
4.708041,-102.904938,-2.015887,-0.079702,-0.141595,0.164469,0.972907
-99.963875,238.375870,-2.122110,-0.046495,-0.145252,0.366455,0.917851
-181.116440,280.778351,-1.542106,-0.009531,-0.000318,-0.622353,0.782679
177.136505,126.883530,-1.904719,-0.081834,0.038545,-0.945474,0.312885
89.104362,237.522141,-2.065198,-0.008509,-0.152273,0.585273,0.796364
-63.000217,285.894440,-2.048806,0.102469,-0.132316,0.958436,0.231071
-265.681854,0.048160,-1.843850,-0.112216,-0.032915,-0.524884,0.843102
162.178299,-153.389740,-2.035686,0.012629,-0.141833,0.702299,0.697495
-216.077042,-151.228119,-2.018191,0.083755,-0.139228,0.927116,0.337721
127.280724,-208.964142,-1.921080,-0.017762,-0.105058,0.539287,0.835355
34.342094,-145.854095,-1.915023,-0.108383,-0.095205,-0.126512,0.981419
133.264160,14.150150,-1.921527,0.102696,-0.112849,0.979435,0.132008
-37.173962,-25.128824,-1.998345,-0.097617,-0.081466,-0.152177,0.980141
78.470955,243.724136,-1.977073,0.032839,-0.148953,0.779626,0.607386
-5.538459,-126.443542,-1.904523,0.034347,-0.117145,0.839958,0.528742
143.369720,110.919502,-2.068954,0.005682,-0.142292,0.667819,0.730574
178.706711,166.304367,-2.172843,0.041191,-0.162219,0.787066,0.593730
70.787918,-177.622360,-2.007659,0.091145,-0.115922,0.967397,0.205906
181.059174,57.809292,-2.123349,-0.166713,0.014653,-0.820509,0.546586
-208.389511,-38.697144,-2.175161,-0.149865,0.048523,-0.920126,0.358545
80.598366,199.604767,-2.084207,0.053094,-0.137572,0.864289,0.480895
-192.595230,223.196457,-2.078744,-0.013931,-0.151873,0.556509,0.816724
76.460793,173.883301,-1.883524,-0.127009,-0.006310,-0.714464,0.688019
113.220001,156.889069,-1.877538,-0.073816,0.001471,-0.722492,0.687426
-136.651062,101.385651,-2.186152,-0.005804,-0.167253,0.589227,0.790445
93.382881,117.551735,-2.113727,-0.065292,-0.143355,0.251276,0.955011
41.488895,216.089508,-2.072695,0.038772,-0.157070,0.787160,0.595151
258.954407,275.762085,-1.974492,-0.157459,-0.006607,-0.733136,0.661570
118.765289,-208.631592,-1.985387,-0.144672,-0.062394,-0.452337,0.877820
-72.960167,275.865875,-1.986461,-0.016536,-0.161668,0.540856,0.825267
141.552078,-19.958811,-1.905069,0.048506,-0.112028,0.898574,0.421499
-129.425842,-187.490067,-1.901968,0.006438,-0.106362,0.714309,0.691671
-41.026051,88.032852,-2.072813,-0.171390,-0.043393,-0.600443,0.779879
281.728394,176.561691,-2.063482,-0.136781,-0.024447,-0.626330,0.767075
-112.920395,-248.743896,-2.152332,-0.127544,-0.113331,-0.173116,0.970010
-7.489841,204.804993,-2.091717,-0.158760,0.031643,-0.872949,0.460167
213.839508,61.055653,-2.026483,-0.142516,-0.067077,-0.426047,0.890884
95.720222,-58.023914,-2.085339,0.057622,-0.119035,0.909540,0.394015
-119.577927,-254.343430,-1.646251,-0.005693,-0.056978,0.646309,0.760924
158.032410,-180.643097,-2.218308,-0.167354,-0.000231,-0.768684,0.617348
0.911451,187.302490,-2.146869,-0.117944,-0.096689,-0.191030,0.969664
-260.785370,-50.753670,-1.574375,-0.009597,-0.009818,0.095714,0.995314
-107.008835,-5.837768,-2.036145,-0.069014,-0.104321,0.136823,0.982667
77.197388,-24.215864,-1.978050,-0.131892,0.045757,-0.924685,0.354215
48.247234,261.430511,-2.100353,0.098534,-0.114973,0.974253,0.167043
34.166229,176.869797,-1.934028,-0.082581,0.059920,-0.988112,0.114997
283.758331,87.992935,-2.053125,-0.158935,0.033092,-0.877466,0.451328
-188.420990,267.754364,-2.187619,-0.130076,0.097396,-0.986030,0.036585
-81.212021,-138.606918,-2.069252,-0.070500,-0.117839,0.164059,0.976846
178.010193,-109.714249,-2.113161,-0.106173,-0.122991,-0.031810,0.986199
13.100676,141.862717,-1.864377,-0.096153,0.056992,-0.974005,0.197032
93.617470,89.892136,-2.115018,-0.163942,0.033622,-0.877662,0.449113
75.866211,-142.251892,-1.997328,-0.111448,-0.104109,-0.127972,0.979982
175.525589,-65.961426,-1.956110,-0.157957,0.010041,-0.785437,0.598362
-132.128159,185.610443,-1.916959,-0.147322,0.008652,-0.787289,0.598663
-207.355148,-258.206390,-2.094641,0.107148,-0.108650,0.984024,0.091708
25.401930,-115.334122,-2.191013,-0.154113,-0.008540,-0.705652,0.691543
-200.843719,179.612717,-1.635468,-0.019132,-0.005244,-0.461588,0.886873
71.181686,97.761269,-1.992929,-0.140416,-0.044396,-0.519832,0.841479
-59.325531,33.119480,-1.937940,-0.111612,0.003195,-0.751626,0.650070
-234.851120,146.161362,-1.572457,-0.027018,-0.005436,-0.503638,0.863475
237.699356,-243.446320,-2.046191,-0.032689,-0.148988,0.451897,0.878933
-54.050034,-247.098175,-1.980532,-0.056513,-0.125162,0.275534,0.951431
47.781586,-44.594559,-1.980348,-0.120556,-0.019882,-0.627844,0.768689
-277.052673,-214.210968,-2.103000,0.068719,-0.136028,0.905235,0.396641
205.523865,18.386343,-1.982648,-0.156919,0.014000,-0.817420,0.554080
-205.169250,9.448230,-2.050779,-0.011119,-0.136869,0.579175,0.803554
-112.247635,44.227531,-1.920936,-0.111449,-0.008537,-0.684381,0.720506
130.280731,198.553177,-2.082351,0.119597,-0.102520,0.987231,0.023673
-210.546478,-141.416183,-1.997735,-0.133958,0.063073,-0.948123,0.281320
-294.576569,140.343567,-1.937800,0.061478,-0.156649,0.865848,0.471157
-278.754303,101.814995,-1.943002,-0.162562,-0.000983,-0.752575,0.638125
2.720502,10.979053,-1.869491,-0.075225,0.067481,-0.994646,0.021614
-265.021973,262.687225,-2.066086,-0.013752,-0.164076,0.569131,0.805593
-184.808807,265.530457,-1.709615,-0.062465,0.005973,-0.763089,0.643240
82.305000,298.558655,-1.983753,-0.140754,0.071048,-0.963800,0.215010
-70.096031,28.779758,-1.866145,-0.070442,-0.086655,0.052844,0.992339
-60.667114,-63.082020,-2.081836,-0.095539,-0.098676,-0.062554,0.988545
-84.356522,48.541641,-1.985084,-0.151481,-0.017737,-0.684010,0.713351
-199.850601,-161.419022,-2.030346,-0.007060,-0.142222,0.599466,0.787632
238.373123,187.650146,-2.001692,-0.148354,0.035373,-0.887493,0.434851
116.808838,-222.794510,-2.285878,-0.076355,-0.202206,0.248541,0.944198
-50.507626,211.195602,-1.943206,0.046166,-0.083906,0.953796,0.284784
18.244570,8.841623,-1.846973,-0.072077,0.060565,-0.994850,0.037565
-184.075363,-96.267830,-2.105453,-0.124350,-0.056768,-0.418172,0.898024
139.616440,22.844433,-1.925014,-0.112778,0.078382,-0.985765,0.096980
145.282333,-75.110901,-1.682404,-0.119472,0.043550,-0.925698,0.356249
145.629150,-75.417068,-1.718781,-0.104078,-0.036450,-0.454493,0.883898
145.628799,-75.418564,-1.734563,-0.124717,0.070145,-0.962216,0.231657
145.680191,-75.438431,-1.843252,-0.111932,0.017122,-0.811935,0.572659
145.675537,-75.588104,-2.142499,-0.087053,0.074785,-0.991847,0.055394
86.322662,89.693024,-1.709472,-0.117586,-0.012129,-0.650176,0.750532
239.035965,282.439667,-1.800055,-0.131197,-0.014281,-0.656593,0.742609
-100.443680,242.486923,-1.894815,-0.109567,-0.106437,-0.086249,0.984493
-239.213913,-277.135071,-1.919176,0.059521,-0.145968,0.872369,0.462735
-17.572474,209.836578,-1.532255,-0.013942,0.002427,-0.775971,0.630610
-158.434052,-173.265640,-1.990590,0.014333,-0.156898,0.692934,0.703576
-64.679634,-15.631768,-2.051430,-0.136485,0.088206,-0.981003,0.105952
81.150665,-10.905559,-2.017508,-0.167198,-0.007761,-0.739465,0.652056
254.143936,143.410950,-2.126962,-0.049055,-0.160020,0.364315,0.916112
-255.041641,235.265289,-1.508798,-0.009406,-0.001577,-0.513584,0.857986
44.409607,-20.538548,-1.861363,-0.064871,-0.109379,0.179303,0.975540
-8.748361,-66.445557,-1.849168,0.020410,-0.099182,0.809207,0.578732
-86.889366,245.688843,-2.132246,-0.052153,-0.143319,0.330215,0.931503
45.544785,273.603394,-2.195385,-0.140502,0.090924,-0.980875,0.099378
18.217165,65.720749,-2.051484,0.001936,-0.142382,0.647929,0.748272
204.593750,98.871140,-2.147331,0.014514,-0.161830,0.686434,0.708808
140.111053,-265.566528,-2.019996,-0.152513,-0.015781,-0.694901,0.702569
200.642502,197.541321,-2.052908,-0.070408,-0.140934,0.216716,0.963439
-225.516281,249.866730,-2.047068,0.045115,-0.150922,0.817454,0.554037
219.987305,-190.212952,-2.076117,-0.026774,-0.155232,0.485404,0.859982
-249.567474,59.791283,-1.880522,-0.113372,-0.028681,-0.556149,0.822814
-209.208359,-109.721962,-2.149149,-0.121436,0.092265,-0.987517,0.039376
-135.589325,-271.038391,-2.094877,0.086516,-0.143256,0.925365,0.340136
293.427124,157.741119,-2.150281,-0.107658,-0.114993,-0.066912,0.985246
-247.581345,-159.407562,-2.177670,0.077221,-0.142955,0.910493,0.380268
-3.865220,-87.702614,-1.830375,0.034279,-0.089556,0.895450,0.434711
231.468063,295.008453,-1.951437,-0.130226,-0.023021,-0.626864,0.767824
-188.829102,67.042679,-1.823946,-0.056737,-0.096304,0.199611,0.973479
-85.421837,-237.506226,-2.090268,-0.156907,0.010288,-0.800946,0.577720
-137.833572,109.825508,-2.147659,-0.074930,-0.137817,0.188121,0.969537
-47.263577,138.762390,-2.002527,-0.037688,-0.148682,0.422280,0.893394
-195.785751,-92.910469,-2.194198,-0.151372,0.058756,-0.939184,0.302601
-8.768174,68.127678,-2.045046,0.056947,-0.108005,0.928072,0.351815
-124.061325,-8.465652,-1.952644,-0.125865,-0.066603,-0.370328,0.917921
184.525772,85.916855,-2.088540,-0.002500,-0.152499,0.616539,0.772410
-0.438356,114.541695,-1.976456,-0.147397,-0.004526,-0.739864,0.656395
214.364883,281.612671,-2.079217,-0.135373,-0.080557,-0.337799,0.927942
92.549393,-81.238068,-1.973956,-0.034211,-0.117179,0.421593,0.898531
242.761902,117.395309,-2.013555,-0.152499,0.056071,-0.934232,0.317507
-155.767502,-26.674562,-2.020150,-0.010414,-0.163171,0.587471,0.792556
44.417030,-81.760971,-2.143499,-0.161509,0.018256,-0.823083,0.544165
-138.247299,-87.681656,-2.074225,0.063168,-0.149849,0.874764,0.456447
-152.482437,-182.298309,-2.055538,-0.012425,-0.136768,0.576181,0.805702
-84.265816,-90.401520,-2.074222,0.051975,-0.132586,0.871804,0.468697
-124.332329,195.745773,-2.107265,0.104147,-0.111445,0.980235,0.125991
64.440750,154.140045,-2.055147,-0.119885,-0.094304,-0.209358,0.965869
269.757416,-105.475914,-2.015692,-0.124603,0.068947,-0.970984,0.192121
-299.408936,149.570557,-2.101944,-0.007055,-0.167216,0.583659,0.794563
-68.629768,-220.611389,-2.095351,-0.146585,0.057693,-0.940449,0.301232
-204.558060,235.057434,-2.016752,-0.133467,0.100971,-0.985517,0.027347
-215.800598,-262.995392,-2.177255,0.047452,-0.155398,0.817455,0.552600
50.852036,168.487732,-2.038954,-0.032026,-0.149111,0.454691,0.877494
-121.763893,-226.593002,-2.005062,-0.125944,0.094615,-0.986709,0.039888
121.949203,144.604599,-2.157206,-0.125163,-0.087142,-0.266462,0.951703
233.688431,40.118446,-1.944280,0.047200,-0.133572,0.854411,0.499912
-144.523209,157.400955,-1.982055,-0.141912,0.070205,-0.962829,0.218845
190.574905,268.195343,-2.057225,-0.146774,0.012741,-0.811526,0.565439
220.147629,-43.730415,-1.984420,-0.134429,0.028131,-0.869676,0.474133
50.459099,-225.751495,-1.627156,0.003092,-0.022762,0.837288,0.546279
96.323158,0.436142,-1.992204,-0.140410,0.059535,-0.947441,0.281240
-19.971069,44.200142,-2.095623,-0.064678,-0.132520,0.235728,0.960566
-101.758545,-38.765270,-2.056734,-0.121905,0.099764,-0.987514,-0.001172
118.088005,214.416245,-2.020700,0.070637,-0.151716,0.883501,0.437514
172.363312,-203.228745,-2.144230,-0.156619,-0.016851,-0.693765,0.702763
-266.348083,-68.695419,-2.083664,-0.160066,0.027895,-0.862417,0.479415
122.585152,46.898602,-1.987033,-0.103109,0.026856,-0.879201,0.464385
-241.374542,-294.733307,-2.134542,0.094082,-0.126341,0.957771,0.240542
-58.201965,27.943197,-2.098640,-0.162326,-0.007054,-0.739650,0.653084
-48.305408,32.801403,-2.206857,-0.044752,-0.161259,0.388056,0.906314
74.605484,256.205688,-1.572599,-0.020523,0.010325,-0.924086,0.381493
-225.708008,60.686779,-1.782907,-0.069190,-0.038691,-0.281907,0.956161
-11.035169,246.437454,-1.736432,-0.040627,0.009218,-0.821434,0.568780
235.897766,46.845322,-2.054911,-0.136979,-0.009647,-0.707064,0.693689
-271.550934,219.104645,-1.993955,-0.110952,-0.097131,-0.154664,0.976900
58.296021,200.870392,-2.107859,0.107538,-0.121798,0.972886,0.164602
188.903885,89.838295,-1.755249,0.045552,-0.071710,0.968192,0.235344
272.403046,-222.992920,-1.895501,-0.109553,0.074074,-0.984484,0.115334
-43.949818,-142.039139,-2.082933,-0.132030,-0.053330,-0.463113,0.874786
29.103937,-76.565605,-2.039572,-0.058210,-0.124373,0.262083,0.955225
-66.839836,28.778255,-1.611026,0.039061,-0.129690,0.842305,0.521706
45.855698,-164.663818,-2.135192,-0.150837,0.029236,-0.865552,0.476669
-265.716614,249.729523,-1.458631,-0.009434,-0.001027,-0.565495,0.824697
-179.377319,263.830292,-1.675254,-0.057463,-0.036918,-0.209507,0.975419
44.012260,127.024605,-2.179031,-0.014254,-0.166772,0.549457,0.818585
-126.629021,25.988686,-1.883606,-0.100608,-0.011535,-0.648030,0.754852
-270.757751,92.153725,-2.031232,-0.142298,0.005306,-0.780219,0.609083
-183.960938,183.598175,-1.925955,-0.085498,-0.072000,-0.134944,0.984528
27.331247,147.927063,-2.169398,-0.109353,-0.120174,-0.057528,0.985033
272.639862,-57.917046,-1.632827,0.015322,-0.022771,0.991637,0.126105
-278.277557,11.813601,-1.827600,-0.075256,-0.025336,-0.453886,0.887514
-202.659622,-207.926056,-2.006567,0.069392,-0.135810,0.906852,0.392887
136.450684,61.204903,-2.041949,-0.075387,-0.138313,0.182266,0.970549
-188.136734,188.740753,-2.143843,-0.158366,0.036326,-0.886575,0.433110
61.210491,46.599625,-1.934706,-0.108805,0.075170,-0.985592,0.105453
298.785461,189.413177,-1.564060,-0.035407,0.009833,-0.843222,0.536309
-88.511238,-185.559891,-2.043502,0.086985,-0.131138,0.944732,0.287606
27.415606,196.225754,-2.083332,-0.007854,-0.162353,0.584838,0.794697
-176.708527,178.867264,-2.114630,-0.075890,-0.126450,0.153531,0.977077
-116.887505,-241.766983,-2.033717,0.064178,-0.138373,0.891730,0.426088
197.288742,-192.194534,-2.091069,-0.041241,-0.156899,0.405903,0.899402
239.064911,-202.133240,-2.203064,-0.167198,0.008123,-0.798507,0.578243
209.245712,20.243786,-2.066600,-0.124180,0.069674,-0.972211,0.185826
-263.111084,94.583443,-2.196167,-0.020984,-0.161122,0.516142,0.840950
173.097275,280.235474,-2.184113,0.081083,-0.135054,0.929199,0.334329
-37.456738,-70.728615,-1.876793,-0.029056,-0.107933,0.451539,0.885222
-4.699667,-239.843231,-1.604456,0.000317,-0.009531,0.782637,0.622406
-42.366318,294.065277,-2.076151,-0.141851,0.056014,-0.940130,0.304790
19.671804,-232.634521,-1.965205,-0.068898,-0.106884,0.142658,0.981569
91.752426,-88.107491,-1.969710,0.076259,-0.101762,0.969926,0.207538
41.995640,-62.628700,-2.129502,-0.105473,-0.095663,-0.132350,0.980922
-47.829521,-70.350166,-1.924893,-0.021846,-0.125274,0.513569,0.848573
-12.606308,96.971550,-2.197747,0.055969,-0.152535,0.846704,0.506648
106.644302,59.469173,-2.030993,0.014642,-0.146732,0.705478,0.693221
-69.067093,-90.270699,-2.067959,-0.062216,-0.110102,0.201450,0.971300
-243.075729,66.136452,-1.975001,-0.071979,-0.123812,0.168882,0.975176
-3.751741,-27.729160,-1.967057,-0.114575,0.066042,-0.973702,0.185515
74.230675,97.996376,-2.016841,0.027925,-0.160061,0.743002,0.649268
54.074112,-191.161423,-1.842407,-0.139090,0.078242,-0.965202,0.207164
136.604446,5.190605,-1.794858,-0.095973,0.045484,-0.946726,0.304023
30.999638,-116.118279,-2.083133,-0.147730,0.067722,-0.955298,0.246974
5.632008,194.418884,-1.933749,-0.084370,-0.120957,0.085331,0.985378
-145.379547,31.137871,-1.930249,-0.002331,-0.162472,0.609611,0.775869
-84.778610,1.263690,-1.799655,-0.105627,-0.039982,-0.434352,0.893635
171.552383,-33.877567,-1.457740,-0.012234,0.010297,-0.985811,0.167094
77.403267,127.842377,-1.908383,-0.117116,-0.034316,-0.527937,0.840469
129.096863,89.300812,-2.037576,-0.129099,0.106555,-0.985813,-0.012342
-94.508507,-35.823250,-2.095862,-0.138657,0.063540,-0.954960,0.254534
187.334503,77.658699,-2.038339,0.029602,-0.159767,0.749969,0.641205
-74.434990,250.666046,-2.077579,-0.066790,-0.137111,0.231484,0.960809
-292.795197,-57.369755,-2.189729,-0.167295,-0.004550,-0.752431,0.637055
-81.402512,120.383423,-1.990156,-0.130586,0.106700,-0.985678,0.000233
-257.909119,225.493683,-1.984877,-0.087846,-0.076785,-0.116749,0.986284
-254.661423,42.186306,-2.078553,-0.040329,-0.131304,0.396180,0.907841
141.541321,69.311920,-2.026036,-0.148194,-0.053483,-0.504750,0.848767
-49.901791,204.950760,-2.140754,0.051904,-0.148753,0.842401,0.515305
183.885147,-118.993813,-2.141649,0.048192,-0.160274,0.811960,0.559205
2.142847,46.957203,-2.113641,-0.050951,-0.149060,0.343657,0.925789
-112.986450,-132.723465,-2.094160,0.042660,-0.151638,0.808365,0.567214
129.177490,-172.479645,-2.026966,0.089555,-0.152422,0.916423,0.359050
174.424454,-0.868484,-2.153755,-0.159988,-0.047308,-0.556991,0.813589
-58.639915,58.630295,-2.001842,-0.075743,-0.126539,0.153769,0.977039
-176.767883,-39.827339,-2.033796,-0.020780,-0.141720,0.519621,0.842305
92.716827,173.004639,-2.138300,-0.073805,-0.150227,0.213929,0.962403
140.840897,-29.915607,-2.099135,-0.034446,-0.138166,0.435646,0.888783
-95.678856,-135.797028,-1.935840,0.069304,-0.124391,0.925506,0.350945
127.213806,-144.451767,-2.108890,-0.085443,-0.143899,0.137021,0.976329
-60.126766,87.824402,-2.003346,0.025283,-0.155481,0.739194,0.654812
52.139099,-0.288949,-2.112888,-0.080160,-0.146907,0.172385,0.970709
-143.698196,71.249947,-1.916675,-0.130618,0.020683,-0.842896,0.521572
-138.145645,96.903908,-2.025692,0.124673,-0.104192,0.986582,0.016036
215.692825,156.840622,-2.029471,-0.148345,-0.052985,-0.510327,0.845431
-167.053253,-266.437317,-1.937207,0.009822,-0.106095,0.735781,0.668785
143.603317,73.147652,-2.023883,-0.124132,-0.088603,-0.255315,0.954754
-44.108433,-3.811118,-2.035869,-0.161241,-0.044815,-0.576402,0.799846
-113.351120,103.014969,-2.203355,0.119597,-0.109982,0.984714,0.062758
192.268265,254.437363,-2.089983,-0.106771,-0.101709,-0.113465,0.982538
188.178055,265.245819,-1.848731,0.077050,-0.073593,0.994073,0.021580
64.063004,53.906921,-2.019435,-0.121724,-0.107622,-0.163934,0.972999
70.827202,184.239059,-2.017545,-0.151773,0.060164,-0.942297,0.292270
-79.992645,132.117645,-2.153880,-0.011833,-0.166812,0.560612,0.811017
49.865429,115.197578,-1.989540,-0.073621,-0.133561,0.182597,0.971288
133.018051,59.364841,-1.938519,0.054953,-0.091285,0.953308,0.282580
-9.739207,-59.906704,-2.062419,-0.127830,-0.092049,-0.255831,0.953801
146.146515,-81.413239,-2.038906,-0.136295,0.016753,-0.826787,0.545496
-60.724323,214.849823,-2.218054,0.067104,-0.153311,0.873132,0.457857
170.961166,109.856010,-2.056484,-0.150716,0.023326,-0.849685,0.504754
-7.285832,-153.601242,-2.098795,0.068270,-0.136377,0.903577,0.400362
184.866104,146.591293,-2.034613,-0.041441,-0.141518,0.394098,0.907161
-42.514820,-114.445679,-2.181683,-0.154487,0.030782,-0.872253,0.462991
-208.685516,174.529190,-2.039304,0.007224,-0.152339,0.664186,0.731845
188.940628,243.721283,-1.588048,-0.013704,0.003373,-0.812399,0.582930
54.038723,115.739449,-2.105640,-0.079050,-0.112286,0.091109,0.986328
-35.054760,188.957397,-2.022184,-0.031737,-0.157012,0.474218,0.865712
109.938232,163.802383,-1.959070,-0.126689,-0.092643,-0.238869,0.958284
100.511978,231.617844,-1.871620,0.102613,-0.099971,0.987313,0.068476
-80.143486,-168.828064,-1.799023,-0.072554,-0.084807,0.029700,0.993308
169.755615,64.651192,-1.546459,-0.023454,0.014418,-0.955566,0.293488
-83.386475,105.496895,-1.473583,-0.062384,-0.101660,0.183257,0.975802
-121.175270,16.546371,-1.827638,-0.118838,-0.025593,-0.580860,0.804875
-58.680794,25.870338,-1.973149,0.087635,-0.118623,0.961917,0.230141
-94.496559,18.365194,-1.509228,-0.084088,-0.088498,-0.036420,0.991852
-131.853607,165.061142,-1.980014,-0.130489,0.099587,-0.984395,0.063415
10.972226,208.348587,-1.541634,-0.009582,-0.000311,-0.640185,0.768161
-246.175537,136.182632,-2.075950,-0.025600,-0.155482,0.496388,0.853679
152.598740,232.811798,-2.076662,-0.089494,-0.135657,0.098787,0.981748
-50.088711,-172.455002,-1.925056,0.078937,-0.130517,0.933301,0.325089
-7.186973,230.468002,-1.990275,-0.083972,-0.127337,0.106525,0.982541
-123.391930,-104.520309,-2.039597,-0.031266,-0.127758,0.452256,0.882136
43.020164,168.664841,-1.939802,-0.114316,-0.045028,-0.453793,0.882596
142.252411,-190.906357,-1.959297,-0.051761,-0.132513,0.319313,0.936910
188.825775,-11.343723,-1.603530,0.014872,-0.028367,0.970145,0.240402
-176.863617,71.279800,-1.980523,0.005148,-0.160784,0.650891,0.741932
234.113571,54.362656,-1.849216,-0.101826,0.031404,-0.898634,0.425561
-257.201965,42.055794,-1.711495,-0.033491,-0.015207,-0.302899,0.952313
73.170540,192.014465,-2.011619,-0.109706,-0.113045,-0.084484,0.983894
-57.753197,64.912727,-1.840091,-0.058857,-0.075707,0.091927,0.991138
-285.401306,40.803661,-1.778275,-0.041660,-0.060955,0.179442,0.980994
-137.959229,-169.157028,-2.132431,0.121619,-0.114963,0.982585,0.080745
238.061066,23.023428,-2.181650,-0.135982,-0.088929,-0.302630,0.939157
-38.795979,-166.645950,-1.960679,0.028565,-0.105112,0.845214,0.523210
-70.982628,122.822998,-2.028297,-0.018867,-0.150979,0.543091,0.825773
-127.363083,-130.981247,-2.114649,-0.146797,-0.057302,-0.479101,0.863498
-46.562916,-4.271183,-1.928882,-0.123283,-0.031140,-0.563573,0.816221
190.769760,-91.146431,-2.086121,-0.134422,0.028128,-0.869127,0.475140
-135.774460,-98.619644,-2.032938,-0.154136,0.032586,-0.877174,0.453593
-166.645462,182.812454,-2.006849,-0.145648,0.072048,-0.962671,0.216471
201.113922,174.602966,-2.048615,-0.123890,-0.097295,-0.215696,0.963670
205.001556,191.118942,-2.116403,0.074961,-0.121069,0.940715,0.307860
-62.217537,102.732613,-1.938685,-0.111662,0.093802,-0.989022,0.023856
154.672577,157.792908,-1.956354,-0.056104,-0.117351,0.273159,0.953134
-171.941360,82.823135,-1.611464,-0.190853,-0.083570,-0.484433,0.849656
-49.497128,73.457573,-1.871551,-0.122497,0.031471,-0.880952,0.455991
225.165115,-70.686707,-1.954710,-0.122256,0.050667,-0.939708,0.315334
193.596710,253.640625,-2.095579,-0.093408,-0.138574,0.095750,0.981277
-119.828209,-48.651077,-2.070329,-0.154132,0.032680,-0.876209,0.455448
87.409401,-165.242355,-2.122040,0.040981,-0.157238,0.794130,0.585623
109.583344,-235.390076,-1.840529,-0.004203,-0.062592,0.664486,0.744663
138.645187,-47.624290,-1.983346,-0.117494,0.033113,-0.894547,0.429981
259.365997,159.255234,-1.962643,0.045637,-0.144125,0.831885,0.533959
271.720001,-31.838430,-2.168271,-0.151541,0.074703,-0.960820,0.219725
-230.578690,70.072784,-2.080378,-0.142418,0.002935,-0.768159,0.624212
259.141479,-7.644425,-1.531816,-0.018136,0.014160,-0.981144,0.191905
-203.194763,219.568741,-1.876985,-0.090852,-0.073645,-0.158798,0.980360
-41.957867,-77.326836,-2.050287,0.086029,-0.125938,0.949375,0.274636
63.463562,195.382492,-1.868619,-0.082533,0.058665,-0.986589,0.128021
185.412567,28.566002,-2.139615,-0.095190,-0.125510,0.035360,0.986882
61.098969,190.647354,-1.975586,-0.116617,-0.050709,-0.425823,0.895826
193.058533,-45.732849,-2.015340,-0.130478,-0.078960,-0.326790,0.932711
102.999184,52.989605,-2.105917,0.001707,-0.137310,0.651613,0.746018
162.281219,-239.527985,-1.511453,0.006757,-0.021958,0.915021,0.402752
-130.375671,46.608437,-1.860323,-0.048926,-0.088652,0.239057,0.965712
-278.534332,242.099213,-2.151473,-0.122272,-0.091153,-0.235494,0.959835
121.109001,77.399117,-1.817510,-0.064020,0.036775,-0.963995,0.255464
-59.849068,247.164093,-2.110145,-0.115673,-0.091457,-0.203357,0.967937
6.020807,146.024948,-2.035535,-0.069132,-0.124486,0.189930,0.971417
-108.726295,-120.765358,-1.907443,-0.019733,-0.130765,0.527682,0.839084
-246.997086,121.360886,-1.755731,-0.040394,-0.010087,-0.476386,0.878250
10.563766,21.311186,-1.956896,-0.006951,-0.116737,0.616072,0.778961
-128.666870,82.764168,-2.063280,0.045624,-0.155941,0.810857,0.562238
-74.677963,-112.001846,-1.926424,-0.119342,-0.067930,-0.337610,0.931216
141.089935,96.854004,-2.097940,-0.136471,-0.055861,-0.463361,0.873815
129.108795,-31.867672,-2.147284,0.088130,-0.124469,0.953775,0.258948
126.223892,31.482286,-1.879673,-0.121881,-0.036276,-0.530746,0.837937
-77.605995,-114.842575,-2.027254,-0.050233,-0.133239,0.329609,0.933318
186.786652,-101.708885,-2.013880,-0.151749,-0.003348,-0.746602,0.647724
-1.064420,-30.259899,-1.984620,0.080671,-0.095233,0.981693,0.143883
-280.648926,104.012222,-1.943386,-0.044152,-0.085516,0.270244,0.957969
-130.383011,159.070969,-1.546594,-0.013228,-0.005107,-0.334634,0.942242
230.553360,181.736404,-1.985659,-0.013655,-0.156916,0.555972,0.816141
50.116680,178.318741,-2.079710,-0.058088,-0.134748,0.282227,0.948059
-135.688278,41.684105,-2.102812,0.094331,-0.120877,0.964285,0.215976
94.300117,71.646988,-1.952698,-0.102274,0.075604,-0.988689,0.079486
-65.053932,-120.596367,-1.882067,-0.057605,-0.107622,0.227505,0.966096
-59.247772,-133.432510,-2.125977,-0.115501,-0.099594,-0.166845,0.974117
-223.314529,125.584946,-2.119883,-0.150003,0.074205,-0.963015,0.211173
137.605789,-42.677036,-2.058087,-0.103009,-0.105517,-0.077729,0.986009
-47.097237,70.548149,-1.915354,-0.028786,-0.134270,0.469946,0.871948
78.632324,-130.535522,-2.051481,-0.161967,-0.042120,-0.589664,0.790120
-54.352371,248.028351,-1.934945,-0.123766,0.070413,-0.973325,0.179897
-239.856400,56.496964,-2.166126,0.004313,-0.162422,0.640505,0.750569
1.042469,117.197182,-2.044856,-0.146271,-0.070741,-0.420667,0.892547
30.801558,204.120880,-1.979034,-0.115254,-0.019804,-0.618273,0.777215
15.754575,179.605255,-1.978177,0.042203,-0.146555,0.815217,0.558715
56.173206,-0.052763,-2.107731,-0.167748,-0.056309,-0.529693,0.829527
208.272079,35.902756,-1.577606,-0.013987,0.010729,-0.978158,0.207114
-106.898346,-164.851593,-2.105141,-0.132224,0.102236,-0.985710,0.020966
-195.368454,73.977135,-1.956885,-0.139002,0.049274,-0.927454,0.343627
-283.118347,284.575378,-2.047267,-0.081274,-0.110696,0.071925,0.987911
-38.789280,-132.357910,-1.996833,0.055299,-0.125699,0.891655,0.431385
-183.886612,-82.556686,-2.056148,-0.152944,-0.052753,-0.521759,0.837611
184.681320,-48.011517,-1.933199,-0.111437,0.072691,-0.982606,0.129550
4.784776,104.698296,-2.031829,-0.143647,-0.050838,-0.508623,0.847398
-137.423416,-224.863739,-2.139424,0.111924,-0.103628,0.986671,0.056697
264.082794,64.948288,-2.000735,-0.138628,0.063574,-0.955184,0.253701
-44.100471,178.219040,-1.680162,-0.057250,-0.001114,-0.678787,0.732099
-13.281030,192.184875,-2.136622,-0.153211,0.036604,-0.889145,0.429660
118.353775,151.474060,-2.029247,-0.047303,-0.149508,0.366127,0.917257
-87.582375,171.401093,-2.150515,-0.129625,0.080353,-0.979353,0.132693
35.247707,5.863513,-2.002702,-0.119914,-0.042325,-0.488179,0.863430
-114.857430,-140.637772,-2.160380,-0.033984,-0.158885,0.446149,0.880086
-212.964142,177.809387,-1.690224,-0.046363,-0.032080,-0.157126,0.985968
124.825981,25.652334,-2.122540,0.021241,-0.161875,0.713640,0.681222
-87.130928,-66.725395,-2.164412,-0.143884,0.064117,-0.952925,0.259075
72.279900,-45.782215,-2.113585,-0.103199,-0.131746,0.010616,0.985840
205.285934,-90.748276,-1.916257,-0.099105,0.079681,-0.991099,0.039388
52.634041,210.747589,-2.109170,0.115051,-0.107595,0.985282,0.066374
-132.135880,-227.476944,-1.565227,-0.008859,-0.016303,0.355736,0.934402
121.086510,4.410567,-2.144015,-0.124579,-0.078898,-0.303170,0.941458
9.740217,28.454123,-1.763893,-0.086692,0.040985,-0.947437,0.305233
-109.943199,-44.832420,-1.785298,0.082935,-0.109636,0.969697,0.201962
5.870966,209.292786,-2.159192,0.059691,-0.145831,0.869600,0.467937
123.397964,263.441315,-1.693556,-0.110296,-0.049832,-0.366178,0.922640
-56.641327,222.519608,-1.682882,-0.028945,-0.150170,0.510251,0.846318
-216.936417,-180.431732,-1.941319,-0.164385,0.045028,-0.890472,0.421913
-42.637257,50.503529,-1.784648,-0.110487,0.010502,-0.786934,0.606974
75.571747,221.199600,-1.886140,-0.109404,-0.113489,-0.069166,0.985072
-141.741943,89.387070,-1.928667,-0.055703,-0.114284,0.264086,0.956083
118.613335,105.266182,-1.928542,-0.105746,-0.116823,-0.045226,0.986471
-151.255188,127.141953,-1.934443,-0.078000,-0.119142,0.120653,0.982428
-226.781006,-13.810701,-1.972054,0.036619,-0.153234,0.786095,0.597690
-74.150734,276.204010,-2.051240,-0.037735,-0.158060,0.426163,0.889931
177.697998,-194.084503,-1.913251,-0.086278,0.071073,-0.992685,0.045619
-117.987701,121.056793,-2.141741,0.078692,-0.147712,0.905936,0.388933
-145.305008,-107.623268,-1.930837,0.078245,-0.130916,0.930998,0.331636
-79.888847,-23.068352,-2.125180,0.047488,-0.170294,0.793894,0.581787
-217.081619,184.516251,-2.049728,0.033694,-0.163804,0.758999,0.629248
-104.449738,-13.676359,-1.938740,-0.026408,-0.103225,0.468203,0.877173
87.673637,132.121460,-1.482624,-0.144781,-0.061987,-0.416206,0.895527
-170.179169,-51.838612,-2.040563,-0.163310,0.036738,-0.884908,0.434646
-214.638763,-276.962921,-1.824015,0.001122,-0.116946,0.669027,0.733979
190.257217,51.581577,-1.986040,-0.081904,-0.134384,0.139828,0.977589
-61.040462,-234.966400,-2.091470,-0.145415,0.072623,-0.963019,0.214882
-185.872284,57.557117,-2.005383,-0.145962,0.059298,-0.943220,0.292430
-203.716385,36.711002,-1.537408,-0.007724,-0.005604,-0.078562,0.996864
-111.044395,-147.036850,-1.789567,-0.012077,-0.056001,0.556376,0.828953
141.086716,-143.105179,-1.967047,-0.024570,-0.141107,0.496774,0.855979
-71.316017,-246.696472,-1.999470,0.098091,-0.123252,0.965015,0.209604
-48.555946,41.248020,-2.132733,0.088655,-0.130207,0.946745,0.280821
12.567368,-97.423584,-2.015194,0.015875,-0.126170,0.739963,0.660518
115.997772,44.056259,-1.920968,0.073724,-0.103613,0.964509,0.231414
58.573933,134.866043,-2.013287,-0.133620,-0.083422,-0.318154,0.934861
144.428635,-74.906731,-1.912093,-0.150133,-0.035388,-0.581420,0.798848
-27.810549,-269.976624,-1.899566,-0.052576,-0.111685,0.281915,0.951465
102.467529,-2.006714,-1.942076,-0.131285,0.016153,-0.821326,0.554912
-147.143158,-241.545074,-2.004127,0.007063,-0.121853,0.699840,0.703794
16.031940,-88.749214,-1.601915,0.002595,-0.046686,0.766794,0.640187
-164.558701,-259.585175,-1.667055,-0.010421,-0.050895,0.571812,0.818738
10.254824,37.905460,-2.236375,0.133796,-0.115577,0.983225,0.044823
-59.784126,49.755562,-1.994920,-0.134634,-0.022910,-0.633594,0.761516
144.408096,118.819092,-2.009744,-0.044535,-0.151098,0.382813,0.910297
137.703873,81.898933,-2.160708,-0.143085,-0.065881,-0.433644,0.887209
69.873459,141.139969,-1.861569,0.067639,-0.067973,0.994797,0.034405
-148.615112,175.126419,-2.225403,-0.020395,-0.166106,0.517905,0.838908
-186.864639,-29.064856,-1.960465,-0.145276,-0.025287,-0.640013,0.754081
185.992767,-65.567009,-2.061884,-0.162316,-0.007263,-0.738807,0.654037
190.049866,151.123123,-2.169427,0.051814,-0.148758,0.841379,0.516979
208.057968,33.458256,-2.061588,0.033805,-0.153853,0.774126,0.613119
-49.636097,58.142559,-1.874932,-0.087912,-0.077119,-0.120926,0.985749
179.281036,165.485550,-1.960447,0.005972,-0.129981,0.685070,0.716762
-253.907684,-54.514885,-2.122073,0.008586,-0.154591,0.666102,0.729614
9.902625,-59.420212,-2.173490,-0.076439,-0.137800,0.174793,0.971913
-92.252670,-124.880478,-2.127187,0.076106,-0.126294,0.934508,0.323964
-130.490509,-221.431046,-1.654126,-0.006688,-0.017309,0.472977,0.880879
-31.676491,291.524048,-1.756904,-0.050952,-0.002321,-0.650465,0.757822
98.986359,64.040161,-1.570184,-0.062066,0.024472,-0.920177,0.385777
182.977676,-124.521667,-2.079504,-0.152403,0.008358,-0.790891,0.592617
-87.098686,-180.175461,-1.945140,-0.143809,-0.050836,-0.507421,0.848091
234.877106,203.524582,-2.056924,-0.160882,-0.046185,-0.568647,0.805372
-126.601791,109.661591,-2.195469,-0.155476,0.047201,-0.914364,0.370860
114.514191,132.621918,-1.641382,-0.043975,0.015700,-0.887130,0.459151
35.254395,-52.335751,-2.108765,-0.142599,-0.077881,-0.376009,0.912260
102.946609,210.059937,-2.146160,-0.034276,-0.163808,0.445645,0.879428
141.602554,24.569069,-2.042187,-0.075985,-0.126377,0.151104,0.977457
-58.282425,91.815796,-2.146258,-0.059173,-0.140563,0.283687,0.946711
-229.492706,247.661453,-2.096055,0.108704,-0.120759,0.974424,0.155238
158.726761,-232.482147,-2.075089,0.001060,-0.152507,0.634061,0.758095
-56.861561,-10.984111,-2.024181,-0.125040,0.023151,-0.853878,0.504699
139.517456,-182.267197,-2.152011,-0.133328,0.083643,-0.979858,0.122903
73.383598,135.323578,-2.154023,0.111444,-0.124873,0.972179,0.163875
180.263962,-154.883347,-2.089399,-0.107572,0.076917,-0.987166,0.089523
-137.777359,-222.600479,-2.031297,0.025847,-0.134867,0.772738,0.619693
231.708176,262.559845,-2.058284,-0.143819,-0.032570,-0.601234,0.785349
-204.724319,71.093834,-2.011734,-0.145165,0.025918,-0.859303,0.489749
13.497334,68.334671,-1.909663,-0.084041,-0.073693,-0.115273,0.987025
-231.897949,10.148364,-2.045170,-0.152447,-0.004372,-0.744146,0.650375
154.418823,204.012146,-1.540066,-0.013453,0.004265,-0.848885,0.528389
89.472939,-219.042221,-2.031553,-0.160262,-0.048202,-0.559425,0.811811
-245.099152,-70.510796,-2.022081,-0.144085,0.085127,-0.976027,0.139155
-110.836807,138.871902,-1.905379,-0.126255,0.038919,-0.905335,0.403625
93.165924,125.547798,-1.978652,-0.138275,-0.034172,-0.578135,0.803413
122.006989,119.969498,-2.125928,-0.166113,-0.020720,-0.684536,0.709498
80.921486,-87.818115,-2.014305,-0.116423,-0.098529,-0.175382,0.972614
-128.630707,4.081352,-1.993191,-0.112595,-0.059108,-0.359083,0.924602
127.891022,-22.453926,-1.968500,0.002438,-0.122045,0.671235,0.731125
-120.762627,-237.251846,-2.107196,0.081632,-0.128850,0.940527,0.303551
200.311615,145.061249,-1.579136,-0.012323,0.006932,-0.939932,0.341070
65.225342,-59.767010,-2.126899,-0.156995,-0.013005,-0.710516,0.685821
155.958542,-132.671127,-2.002360,-0.143887,0.050574,-0.927753,0.340606
85.870094,-14.495236,-1.918316,-0.136986,0.038885,-0.902330,0.406845
-295.904022,82.981789,-2.048742,-0.147382,0.068405,-0.957128,0.239803
-172.775848,-100.813904,-2.055657,-0.125336,0.095421,-0.986943,0.033609
71.856606,155.792480,-1.790226,0.073382,-0.121984,0.942011,0.303893
37.303829,-70.163597,-2.056258,0.106335,-0.119006,0.976916,0.142002
-233.184525,-100.735023,-1.617441,-0.011961,-0.019472,0.292875,0.955878
-224.805344,98.559097,-2.014625,0.032358,-0.154210,0.771538,0.616361
182.997971,106.660622,-2.149922,0.037844,-0.158051,0.784106,0.598971
155.542099,238.320541,-2.003865,-0.113807,-0.026894,-0.567943,0.814718
75.952812,61.124695,-1.615597,-0.120870,-0.039536,-0.507686,0.852105
75.868393,61.179466,-2.129510,-0.106767,-0.108451,-0.065946,0.986149
117.171120,-126.995514,-2.128202,-0.138429,-0.109941,-0.213061,0.960914
-145.690079,65.843880,-2.018823,-0.090776,-0.096198,-0.043232,0.990271
-118.171616,-117.515152,-2.167656,0.072317,-0.150957,0.889021,0.426173
53.503323,-135.775833,-1.867058,-0.027458,-0.102962,0.459707,0.881654
116.373581,-2.609114,-2.149093,-0.137174,-0.066665,-0.410748,0.898902
-55.619587,-130.492783,-1.966218,-0.035204,-0.150955,0.465004,0.871633
-104.699165,169.884857,-1.909964,-0.096844,-0.074158,-0.183696,0.975386
142.415924,62.754528,-1.959488,0.026017,-0.145200,0.761672,0.630948
287.941040,-14.493940,-2.092067,-0.130249,0.088393,-0.983514,0.089008
-95.391808,-122.800583,-2.001740,0.048826,-0.133797,0.858874,0.491985
-52.357933,185.287308,-1.985599,0.099714,-0.114276,0.975566,0.158960
-7.033796,-2.915174,-2.042635,-0.040358,-0.132135,0.392099,0.909489
176.443863,116.750992,-1.888446,0.066400,-0.108477,0.946192,0.297565
